M1,1.1380,1.1380,0,0,0,0,2015.10.14 01:31
M1,1.1380,1.1380,1.1379,0,2.8000,0,2015.10.14 01:30
M1,0,1.1380,0,0,0,0,2015.10.14 01:29
M1,0,1.1380,0,0,0,0,2015.10.14 01:28
M1,0,1.1380,0,0,0,0,2015.10.14 01:27
M1,0,1.1380,0,0,0,0,2015.10.14 01:26
M1,0,1.1380,0,0,0,0,2015.10.14 01:25
M1,0,1.1380,0,0,0,0,2015.10.14 01:24
M1,0,1.1380,0,0,0,0,2015.10.14 01:23
M1,0,1.1380,0,0,0,0,2015.10.14 01:22
M1,0,1.1380,0,0,0,0,2015.10.14 01:21
M1,0,1.1380,0,0,0,0,2015.10.14 01:20
M1,0,1.1380,0,0,0,0,2015.10.14 01:19
M1,0,1.1381,0,0,0,0,2015.10.14 01:18
M1,0,1.1381,0,0,0,0,2015.10.14 01:17
M1,1.1381,1.1381,0,1.1382,0,0,2015.10.14 01:16
M1,1.1381,0,0,0,0,0,2015.10.14 01:15
M1,1.1381,0,0,0,0,0,2015.10.14 01:14
M1,1.1381,0,0,0,0,0,2015.10.14 01:13
M1,1.1381,0,0,0,0,0,2015.10.14 01:12
M1,1.1381,0,0,0,0,0,2015.10.14 01:11
M1,1.1381,0,0,0,0,0,2015.10.14 01:10
M1,1.1381,0,0,0,0,0,2015.10.14 01:09
M1,1.1381,0,0,0,0,0,2015.10.14 01:08
M1,1.1380,0,0,0,0,0,2015.10.14 01:07
M1,1.1380,0,0,0,0,0,2015.10.14 01:06
M1,1.1380,0,0,0,0,0,2015.10.14 01:05
M1,1.1380,0,0,0,0,0,2015.10.14 01:04
M1,1.1380,0,0,0,0,0,2015.10.14 01:03
M1,1.1380,0,0,0,0,0,2015.10.14 01:02
M1,1.1380,0,0,0,0,0,2015.10.14 01:01
M1,1.1380,0,0,0,0,0,2015.10.14 01:00
M1,1.1380,0,0,0,0,0,2015.10.14 00:59
M1,1.1380,0,0,0,0,0,2015.10.14 00:58
M1,1.1380,0,0,0,0,0,2015.10.14 00:57
M1,1.1380,0,0,0,0,0,2015.10.14 00:56
M1,1.1380,0,0,0,0,0,2015.10.14 00:55
M1,1.1380,0,0,0,0,0,2015.10.14 00:54
M1,1.1379,0,0,0,0,0,2015.10.14 00:53
M1,1.1379,0,0,0,0,0,2015.10.14 00:52
M1,1.1379,0,0,0,0,0,2015.10.14 00:51
M1,1.1378,0,0,0,0,0,2015.10.14 00:50
M1,1.1378,0,0,0,0,0,2015.10.14 00:49
M1,1.1378,0,0,0,0,0,2015.10.14 00:48
M1,1.1378,1.1378,1.1377,0,0,0,2015.10.14 00:47
M1,0,1.1378,0,0,0,0,2015.10.14 00:46
M1,0,1.1378,0,0,0,0,2015.10.14 00:45
M1,0,1.1378,0,0,0,0,2015.10.14 00:44
M1,0,1.1378,0,0,0,0,2015.10.14 00:43
M1,0,1.1378,0,0,0,0,2015.10.14 00:42
M1,0,1.1378,0,0,0,0,2015.10.14 00:41
M1,0,1.1378,0,0,0,0,2015.10.14 00:40
M1,0,1.1378,0,0,0,0,2015.10.14 00:39
M1,0,1.1378,0,0,0,0,2015.10.14 00:38
M1,0,1.1378,0,0,0,0,2015.10.14 00:37
M1,0,1.1378,0,0,0,0,2015.10.14 00:36
M1,0,1.1379,0,0,0,0,2015.10.14 00:35
M1,0,1.1380,0,0,0,0,2015.10.14 00:34
M1,0,1.1381,0,0,0,0,2015.10.14 00:33
M1,0,1.1381,0,0,0,0,2015.10.14 00:32
M1,0,1.1381,0,0,0,0,2015.10.14 00:31
M1,0,1.1382,0,0,0,0,2015.10.14 00:30
M1,1.1382,1.1382,0,1.1382,0,0,2015.10.14 00:29
M1,1.1382,0,0,0,0,0,2015.10.14 00:28
M1,1.1382,0,0,0,0,0,2015.10.14 00:27
M1,1.1382,0,0,0,0,0,2015.10.14 00:26
M1,1.1382,0,0,0,0,0,2015.10.14 00:25
M1,1.1381,0,0,0,0,0,2015.10.14 00:24
M1,1.1381,0,0,0,0,0,2015.10.14 00:23
M1,1.1381,0,0,0,0,0,2015.10.14 00:22
M1,1.1381,0,0,0,0,0,2015.10.14 00:21
M1,1.1381,0,0,0,0,0,2015.10.14 00:20
M1,1.1381,0,0,0,0,0,2015.10.14 00:18
M1,1.1381,0,0,0,0,0,2015.10.14 00:17
M1,1.1381,0,0,0,0,0,2015.10.14 00:16
M1,1.1381,0,0,0,0,0,2015.10.14 00:15
M1,1.1381,0,0,0,0,0,2015.10.14 00:14
M1,1.1381,0,0,0,0,0,2015.10.14 00:13
M1,1.1381,0,0,0,0,0,2015.10.14 00:12
M1,1.1379,0,0,0,0,0,2015.10.14 00:11
M1,1.1379,0,0,0,0,0,2015.10.14 00:10
M1,1.1379,0,0,0,0,0,2015.10.14 00:09
M1,1.1379,0,-0.0001,0,0,0,2015.10.14 00:08
M1,0,0,0,0,0,0,2015.10.14 00:07
M1,0,0,0,0,0,0,2015.10.14 00:06
M1,0,0,0,0,0,0,2015.10.14 00:05
M1,0,0,0,0,0,0,2015.10.14 00:04
M1,0,0,0,0,0,0,2015.10.14 00:02
M1,0,0,0,0,0,0,2015.10.14 00:01
M1,0,0,0,0,0,0,2015.10.14 00:00
M1,0,0,0,0,0,0,2015.10.13 23:59
M1,0,0,0,0,0,0,2015.10.13 23:58
M1,0,0,0,0,0,0,2015.10.13 23:57
M1,0,0,0,0,0,0,2015.10.13 23:56
M1,0,0,0,0,0,0,2015.10.13 23:55
M1,0,0,0,0,0,0,2015.10.13 23:54
M1,0,0,0,0,0,0,2015.10.13 23:53
M1,0,0,0,0,0,0,2015.10.13 23:52
M1,0,0,0,0,0,0,2015.10.13 23:51
M1,0,0,0,0,0,0,2015.10.13 23:50
M1,0,0,0,0,0,0,2015.10.13 23:49
M1,0,0,0,0,0,0,2015.10.13 23:48
M1,0,0,0,0,0,0,2015.10.13 23:47
M1,0,0,0,0,0,0,2015.10.13 23:46
M1,0,0,0,0,0,0,2015.10.13 23:45
M1,0,0,0,0,0,0,2015.10.13 23:44
M1,0,0,0,0,0,0,2015.10.13 23:43
M1,0,0,0,0,0,0,2015.10.13 23:42
M1,0,0,0,0,0,0,2015.10.13 23:41
M1,0,0,0,0,0,0,2015.10.13 23:40
M1,0,0,0,0,0,0,2015.10.13 23:39
M1,0,0,0,0,0,0,2015.10.13 23:38
M1,0,0,0,0,0,0,2015.10.13 23:37
M1,0,0,0,0,0,0,2015.10.13 23:36
M1,0,0,0,0,0,0,2015.10.13 23:35
M1,0,0,0,0,0,0,2015.10.13 23:34
M1,0,0,0,0,0,0,2015.10.13 23:33
M1,0,0,0,0,0,0,2015.10.13 23:32
M1,0,0,0,0,0,0,2015.10.13 23:31
M1,0,0,0,0,0,0,2015.10.13 23:30
M1,0,0,0,0,0,0,2015.10.13 23:29
M1,0,0,0,0,0,0,2015.10.13 23:28
M1,0,0,0,0,0,0,2015.10.13 23:27
M1,0,0,0,0,0,0,2015.10.13 23:26
M1,0,0,0,0,0,0,2015.10.13 23:25
M1,0,0,0,0,0,0,2015.10.13 23:24
M1,0,0,0,0,0,0,2015.10.13 23:23
M1,0,0,0,0,0,0,2015.10.13 23:22
M1,0,0,0,0,0,0,2015.10.13 23:21
M1,0,0,0,0,0,0,2015.10.13 23:20
M1,0,0,0,0,0,0,2015.10.13 23:19
M1,0,0,0,0,0,0,2015.10.13 23:18
M1,0,0,0,0,0,0,2015.10.13 23:17
M1,0,0,0,0,0,0,2015.10.13 23:16
M1,0,0,0,0,0,0,2015.10.13 23:15
M1,0,0,0,0,0,0,2015.10.13 23:14
M1,0,0,0,0,0,0,2015.10.13 23:13
M1,0,0,0,0,0,0,2015.10.13 23:12
M1,0,0,0,0,0,0,2015.10.13 23:11
M1,0,0,0,0,0,0,2015.10.13 23:10
M1,0,0,0,0,0,0,2015.10.13 23:09
M1,0,0,0,0,0,0,2015.10.13 23:08
M1,0,0,0,0,0,0,2015.10.13 23:07
M1,0,0,0,0,0,0,2015.10.13 23:06
M1,0,0,0,0,0,0,2015.10.13 23:05
M1,0,0,0,0,0,0,2015.10.13 23:04
M1,0,0,0,0,0,0,2015.10.13 23:03
M1,0,0,0,0,0,0,2015.10.13 23:02
M1,0,0,0,0,0,0,2015.10.13 23:01
M1,0,0,0,0,0,0,2015.10.13 23:00
M1,0,0,0,0,0,0,2015.10.13 22:59
M1,0,0,0,0,0,0,2015.10.13 22:58
M1,0,0,0,0,0,0,2015.10.13 22:57
M1,0,0,0,0,0,0,2015.10.13 22:56
M1,0,0,0,0.0001,0,0,2015.10.13 22:55
M1,0,0,0,0,0,0,2015.10.13 22:54
M1,0,0,0,0,0,0,2015.10.13 22:53
M1,0,0,0,0,0,0,2015.10.13 22:52
M1,0,0,0,0,0,0,2015.10.13 22:51
M1,0,0,0,0,0,0,2015.10.13 22:50
M1,0,0,0,0,0,0,2015.10.13 22:49
M1,0,0,0,0,0,0,2015.10.13 22:48
M1,0,0,0,0,0,0,2015.10.13 22:47
M1,0,0,0,0,0,0,2015.10.13 22:46
M1,0,0,0,0,0,0,2015.10.13 22:45
M1,0,0,0,0,0,0,2015.10.13 22:44
M1,0,0,0,0,0,0,2015.10.13 22:43
M1,0,0,0,0,0,0,2015.10.13 22:42
M1,0,0,0,0,0,0,2015.10.13 22:41
M1,0,0,0,0,0,0,2015.10.13 22:40
M1,0,0,0,0,0,0,2015.10.13 22:39
M1,0,0,0,0,0,0,2015.10.13 22:38
M1,0,0,0,0,0,0,2015.10.13 22:37
M1,0,0,0,0,0,0,2015.10.13 22:36
M1,0,0,0,0,0,0,2015.10.13 22:35
M1,0,0,0,0,0,0,2015.10.13 22:34
M1,0,0,0,0,0,0,2015.10.13 22:33
M1,0,0,0,0,0,0,2015.10.13 22:32
M1,0,0,0,0,0,0,2015.10.13 22:31
M1,0,0,0,0,0,0,2015.10.13 22:30
M1,0,0,0,0,0,0,2015.10.13 22:29
M1,0,0,0,0,0,0,2015.10.13 22:28
M1,0,0,0,0,0,0,2015.10.13 22:27
M1,0,0,0,0,0,0,2015.10.13 22:26
M1,0,0,0,0,0,0,2015.10.13 22:25
M1,0,0,0,0,0,0,2015.10.13 22:24
M1,0,0,0,0,0,0,2015.10.13 22:23
M1,0,0,0,0,0,0,2015.10.13 22:22
M1,0,0,0,0,0,0,2015.10.13 22:21
M1,0,0,0,0,0,0,2015.10.13 22:20
M1,0,0,0,0,0,0,2015.10.13 22:19
M1,0,0,0,0,0,0,2015.10.13 22:18
M1,0,0,0,0,0,0,2015.10.13 22:17
M1,0,0,0,0,0,0,2015.10.13 22:16
M1,0,0,0,0,0,0,2015.10.13 22:15
M1,0,0,0,0,0,0,2015.10.13 22:14
M1,0,0,0,0,0,0,2015.10.13 22:13
M1,0,0,0,0,0,0,2015.10.13 22:12
M1,0,0,0,0,0,0,2015.10.13 22:11
M1,0,0,0,0,0,0,2015.10.13 22:10
M5,0,1.1381,0,0,0,0,2015.10.14 01:35
M5,0,1.1381,0,0,7.0833,0,2015.10.14 01:30
M5,0,1.1381,0,0,0,0,2015.10.14 01:25
M5,0,1.1381,0,0,0,0,2015.10.14 01:20
M5,0,1.1381,0,0,0,0,2015.10.14 01:15
M5,0,1.1381,0,0,0,0,2015.10.14 01:10
M5,0,1.1381,0,0,0,0,2015.10.14 01:05
M5,0,1.1381,0,0,0,0,2015.10.14 01:00
M5,0,1.1381,0,0,0,0,2015.10.14 00:55
M5,0,1.1381,0,0,0,0,2015.10.14 00:50
M5,0,1.1381,0,0,0,0,2015.10.14 00:45
M5,0,1.1382,0,0,0,0,2015.10.14 00:40
M5,0,1.1382,0,0,0,0,2015.10.14 00:35
M5,0,1.1382,0,0,0,0,2015.10.14 00:30
M5,0,1.1382,0,0,0,0,2015.10.14 00:25
M5,0,1.1382,0,0,0,0,2015.10.14 00:20
M5,0,1.1382,0,0,0,0,2015.10.14 00:15
M5,0,1.1382,0,0,0,0,2015.10.14 00:10
M5,0,1.1382,0,0,0,0,2015.10.14 00:05
M5,0,1.1383,0,0,0,0,2015.10.14 00:00
M5,0,1.1384,0,0,0,0,2015.10.13 23:55
M5,0,1.1384,0,0,0,0,2015.10.13 23:50
M5,1.1384,1.1384,0,1.1386,0,0,2015.10.13 23:45
M5,1.1384,0,0,0,0,0,2015.10.13 23:40
M5,1.1384,0,0,0,0,0,2015.10.13 23:35
M5,1.1384,0,0,0,0,0,2015.10.13 23:30
M5,1.1384,0,0,0,0,0,2015.10.13 23:25
M5,1.1384,0,0,0,0,0,2015.10.13 23:20
M5,1.1384,0,0,0,0,0,2015.10.13 23:15
M5,1.1384,0,0,0,0,0,2015.10.13 23:10
M5,1.1384,0,0,0,0,0,2015.10.13 23:05
M5,1.1384,0,0,0,0,0,2015.10.13 23:00
M5,1.1384,0,0,0,0,0,2015.10.13 22:55
M5,1.1384,0,0,0,0,0,2015.10.13 22:50
M5,1.1383,0,0,0,0,0,2015.10.13 22:45
M5,1.1383,1.1383,1.1379,0,0,0,2015.10.13 22:40
M5,0,1.1383,0,0,0,0,2015.10.13 22:35
M5,0,1.1383,0,0,0,0,2015.10.13 22:30
M5,0,1.1383,0,0,0,0,2015.10.13 22:25
M5,0,1.1383,0,0,0,0,2015.10.13 22:20
M5,0,1.1383,0,0,0,0,2015.10.13 22:15
M5,0,1.1383,0,0,0,0,2015.10.13 22:10
M5,0,1.1383,0,0,0,0,2015.10.13 22:05
M5,0,1.1383,0,0,0,0,2015.10.13 22:00
M5,0,1.1383,0,0,0,0,2015.10.13 21:55
M5,0,1.1383,0,0,0,0,2015.10.13 21:50
M5,0,1.1383,0,0,0,0,2015.10.13 21:45
M5,0,1.1383,0,0,0,0,2015.10.13 21:40
M5,0,1.1383,0,0,0,0,2015.10.13 21:35
M5,0,1.1383,0,0,0,0,2015.10.13 21:30
M5,0,1.1383,0,0,0,0,2015.10.13 21:25
M5,0,1.1383,0,0,0,0,2015.10.13 21:20
M5,0,1.1383,0,0,0,0,2015.10.13 21:15
M5,0,1.1383,0,0,0,0,2015.10.13 21:10
M5,0,1.1384,0,0,0,0,2015.10.13 21:05
M5,0,1.1385,0,0,0,0,2015.10.13 21:00
M5,1.1385,1.1385,0,1.1389,0,0,2015.10.13 20:55
M5,1.1385,0,0,0,0,0,2015.10.13 20:50
M5,1.1385,0,0,0,0,0,2015.10.13 20:45
M5,1.1385,0,0,0,0,0,2015.10.13 20:40
M5,1.1385,0,0,0,0,0,2015.10.13 20:35
M5,1.1385,0,0,0,0,0,2015.10.13 20:30
M5,1.1385,0,0,0,0,0,2015.10.13 20:25
M5,1.1385,0,0,0,0,0,2015.10.13 20:20
M5,1.1385,0,0,0,0,0,2015.10.13 20:15
M5,1.1385,0,0,0,0,0,2015.10.13 20:10
M5,1.1383,0,0,0,0,0,2015.10.13 20:05
M5,1.1382,0,0,0,0,0,2015.10.13 20:00
M5,1.1382,0,0,0,0,0,2015.10.13 19:55
M5,1.1382,0,0,0,0,0,2015.10.13 19:50
M5,1.1382,0,0,0,0,0,2015.10.13 19:45
M5,1.1382,0,0,0,0,0,2015.10.13 19:40
M5,1.1382,0,0,0,0,0,2015.10.13 19:35
M5,1.1382,0,0,0,0,0,2015.10.13 19:30
M5,1.1379,0,0,0,0,0,2015.10.13 19:25
M5,1.1377,0,0,0,0,0,2015.10.13 19:20
M5,1.1377,0,0,0,0,0,2015.10.13 19:15
M5,1.1377,0,0,0,0,0,2015.10.13 19:10
M5,1.1377,0,0,0,0,0,2015.10.13 19:05
M5,1.1377,0,0,0,0,0,2015.10.13 19:00
M5,1.1377,0,0,0,0,0,2015.10.13 18:55
M5,1.1374,0,0,0,0,0,2015.10.13 18:50
M5,1.1373,0,0,0,0,0,2015.10.13 18:45
M5,1.1373,0,0,0,0,0,2015.10.13 18:40
M5,1.1372,0,0,0,0,0,2015.10.13 18:35
M5,1.1371,0,0,0,0,0,2015.10.13 18:30
M5,1.1368,0,0,0,0,0,2015.10.13 18:25
M5,1.1368,1.1368,1.1361,0,0,0,2015.10.13 18:20
M5,0,1.1368,0,0,0,0,2015.10.13 18:15
M5,0,1.1368,0,0,0,0,2015.10.13 18:10
M5,0,1.1368,0,0,0,0,2015.10.13 18:05
M5,0,1.1368,0,0,0,0,2015.10.13 18:00
M5,0,1.1368,0,0,0,0,2015.10.13 17:55
M5,0,1.1368,0,0,0,0,2015.10.13 17:50
M5,0,1.1368,0,0,0,0,2015.10.13 17:45
M5,0,1.1369,0,0,0,0,2015.10.13 17:40
M5,0,1.1369,0,0,0,0,2015.10.13 17:35
M5,0,1.1369,0,0,0,0,2015.10.13 17:30
M5,0,1.1369,0,0,0,0,2015.10.13 17:25
M5,0,1.1369,0,0,0,0,2015.10.13 17:20
M5,0,1.1376,0,0,0,0,2015.10.13 17:15
M5,0,1.1382,0,0,0,0,2015.10.13 17:10
M5,0,1.1385,0,0,0,0,2015.10.13 17:05
M5,0,1.1385,0,0,0,0,2015.10.13 17:00
M5,0,1.1385,0,0,0,0,2015.10.13 16:55
M5,0,1.1385,0,0,0,0,2015.10.13 16:50
M5,0,1.1387,0,0,0,0,2015.10.13 16:45
M5,0,1.1392,0,0,0,0,2015.10.13 16:40
M5,0,1.1392,0,0,0,0,2015.10.13 16:35
M5,1.1392,1.1392,0,1.1397,0,0,2015.10.13 16:30
M5,1.1392,0,0,0,0,0,2015.10.13 16:25
M5,1.1392,0,0,0,0,0,2015.10.13 16:20
M5,1.1392,0,0,0,0,0,2015.10.13 16:15
M5,1.1392,0,0,0,0,0,2015.10.13 16:10
M5,1.1392,0,0,0,0,0,2015.10.13 16:05
M5,1.1392,0,0,0,0,0,2015.10.13 16:00
M5,1.1392,0,0,0,0,0,2015.10.13 15:55
M5,1.1380,0,0,0,0,0,2015.10.13 15:50
M5,1.1380,1.1380,1.1374,0,0,0,2015.10.13 15:45
M5,0,1.1380,0,0,0,0,2015.10.13 15:40
M5,0,1.1380,0,0,0,0,2015.10.13 15:35
M5,0,1.1380,0,0,0,0,2015.10.13 15:30
M5,0,1.1380,0,0,0,0,2015.10.13 15:25
M5,0,1.1380,0,0,0,0,2015.10.13 15:20
M5,0,1.1380,0,0,0,0,2015.10.13 15:15
M5,0,1.1380,0,0,0,0,2015.10.13 15:10
M5,0,1.1380,0,0,0,0,2015.10.13 15:05
M5,0,1.1380,0,0,0,0,2015.10.13 15:00
M5,0,1.1380,0,0,0,0,2015.10.13 14:55
M5,0,1.1380,0,0,0,0,2015.10.13 14:50
M5,0,1.1382,0,0,0,0,2015.10.13 14:45
M5,0,1.1382,0,0,0,0,2015.10.13 14:40
M5,0,1.1382,0,0,0,0,2015.10.13 14:35
M5,0,1.1382,0,0,0,0,2015.10.13 14:30
M5,0,1.1382,0,0,0,0,2015.10.13 14:25
M5,0,1.1382,0,0,0,0,2015.10.13 14:20
M5,0,1.1384,0,0,0,0,2015.10.13 14:15
M5,1.1384,1.1384,0,1.1390,0,0,2015.10.13 14:10
M5,1.1384,0,0,0,0,0,2015.10.13 14:05
M5,1.1384,0,0,0,0,0,2015.10.13 14:00
M5,1.1384,0,0,0,0,0,2015.10.13 13:55
M5,1.1384,0,0,0,0,0,2015.10.13 13:50
M5,1.1384,0,0,0,0,0,2015.10.13 13:45
M5,1.1384,0,0,0,0,0,2015.10.13 13:40
M5,1.1384,0,0,0,0,0,2015.10.13 13:35
M5,1.1384,0,0,0,0,0,2015.10.13 13:30
M5,1.1384,0,0,0,0,0,2015.10.13 13:25
M5,1.1384,0,0,0,0,0,2015.10.13 13:20
M5,1.1384,0,0,0,0,0,2015.10.13 13:15
M5,1.1384,0,0,0,0,0,2015.10.13 13:10
M5,1.1384,0,0,0,0,0,2015.10.13 13:05
M5,1.1376,0,-0.0006,0,0,0,2015.10.13 13:00
M5,0,0,0,0,0,0,2015.10.13 12:55
M5,0,0,0,0,0,0,2015.10.13 12:50
M5,0,0,0,0,0,0,2015.10.13 12:45
M5,0,0,0,0,0,0,2015.10.13 12:40
M5,0,0,0,0,0,0,2015.10.13 12:35
M5,0,0,0,0,0,0,2015.10.13 12:30
M5,0,0,0,0,0,0,2015.10.13 12:25
M5,0,0,0,0,0,0,2015.10.13 12:20
M5,0,0,0,0,0,0,2015.10.13 12:15
M5,0,0,0,0,0,0,2015.10.13 12:10
M5,0,0,0,0,0,0,2015.10.13 12:05
M5,0,0,0,0,0,0,2015.10.13 12:00
M5,0,0,0,0.0006,0,0,2015.10.13 11:55
M5,0,0,0,0,0,0,2015.10.13 11:50
M5,0,0,0,0,0,0,2015.10.13 11:45
M5,0,0,0,0,0,0,2015.10.13 11:40
M5,0,0,0,0,0,0,2015.10.13 11:35
M5,0,0,0,0,0,0,2015.10.13 11:30
M5,0,0,0,0,0,0,2015.10.13 11:25
M5,0,0,0,0,0,0,2015.10.13 11:20
M5,0,0,0,0,0,0,2015.10.13 11:15
M5,0,0,0,0,0,0,2015.10.13 11:10
M5,0,0,0,0,0,0,2015.10.13 11:05
M5,0,0,0,0,0,0,2015.10.13 11:00
M5,0,0,0,0,0,0,2015.10.13 10:55
M5,0,0,0,0,0,0,2015.10.13 10:50
M5,0,0,0,0,0,0,2015.10.13 10:45
M5,0,0,0,0,0,0,2015.10.13 10:40
M5,0,0,0,0,0,0,2015.10.13 10:35
M5,0,0,0,0,0,0,2015.10.13 10:30
M5,0,0,0,0,0,0,2015.10.13 10:25
M5,0,0,0,0,0,0,2015.10.13 10:20
M5,0,0,0,0,0,0,2015.10.13 10:15
M5,0,0,0,0,0,0,2015.10.13 10:10
M5,0,0,0,0,0,0,2015.10.13 10:05
M5,0,0,0,0,0,0,2015.10.13 10:00
M5,0,0,0,0,0,0,2015.10.13 09:55
M5,0,0,0,0,0,0,2015.10.13 09:50
M5,0,0,0,0,0,0,2015.10.13 09:45
M5,0,0,0,0,0,0,2015.10.13 09:40
M5,0,0,0,0,0,0,2015.10.13 09:35
M5,0,0,0,0,0,0,2015.10.13 09:30
M5,0,0,0,0,0,0,2015.10.13 09:25
M5,0,0,0,0,0,0,2015.10.13 09:20
M5,0,0,0,0,0,0,2015.10.13 09:15
M5,0,0,0,0,0,0,2015.10.13 09:10
M5,0,0,0,0,0,0,2015.10.13 09:05
M5,0,0,0,0,0,0,2015.10.13 09:00
M15,1.1380,0,0,0,0,0,2015.10.14 01:30
M15,1.1380,0,0,0,28.8333,0,2015.10.14 01:15
M15,1.1380,0,0,0,0,0,2015.10.14 01:00
M15,1.1380,0,0,0,0,0,2015.10.14 00:45
M15,1.1380,0,0,0,0,0,2015.10.14 00:30
M15,1.1380,0,0,0,0,0,2015.10.14 00:15
M15,1.1380,0,0,0,0,0,2015.10.14 00:00
M15,1.1380,0,0,0,0,0,2015.10.13 23:45
M15,1.1380,0,0,0,0,0,2015.10.13 23:30
M15,1.1380,0,0,0,0,0,2015.10.13 23:15
M15,1.1380,0,0,0,0,0,2015.10.13 23:00
M15,1.1380,0,0,0,0,0,2015.10.13 22:45
M15,1.1380,0,0,0,0,0,2015.10.13 22:30
M15,1.1380,0,0,0,0,0,2015.10.13 22:15
M15,1.1380,0,0,0,0,0,2015.10.13 22:00
M15,1.1380,0,0,0,0,0,2015.10.13 21:45
M15,1.1380,0,0,0,0,0,2015.10.13 21:30
M15,1.1380,0,0,0,0,0,2015.10.13 21:15
M15,1.1380,0,0,0,0,0,2015.10.13 21:00
M15,1.1380,0,0,0,0,0,2015.10.13 20:45
M15,1.1380,0,0,0,0,0,2015.10.13 20:30
M15,1.1380,0,0,0,0,0,2015.10.13 20:15
M15,1.1375,0,0,0,0,0,2015.10.13 20:00
M15,1.1375,1.1375,1.1366,0,0,0,2015.10.13 19:45
M15,0,1.1375,0,0,0,0,2015.10.13 19:30
M15,0,1.1375,0,0,0,0,2015.10.13 19:15
M15,0,1.1375,0,0,0,0,2015.10.13 19:00
M15,0,1.1375,0,0,0,0,2015.10.13 18:45
M15,0,1.1375,0,0,0,0,2015.10.13 18:30
M15,0,1.1375,0,0,0,0,2015.10.13 18:15
M15,0,1.1375,0,0,0,0,2015.10.13 18:00
M15,0,1.1377,0,0,0,0,2015.10.13 17:45
M15,0,1.1386,0,0,0,0,2015.10.13 17:30
M15,0,1.1388,0,0,0,0,2015.10.13 17:15
M15,0,1.1388,0,0,0,0,2015.10.13 17:00
M15,0,1.1388,0,0,0,0,2015.10.13 16:45
M15,0,1.1388,0,0,0,0,2015.10.13 16:30
M15,0,1.1388,0,0,0,0,2015.10.13 16:15
M15,0,1.1388,0,0,0,0,2015.10.13 16:00
M15,0,1.1388,0,0,0,0,2015.10.13 15:45
M15,0,1.1388,0,0,0,0,2015.10.13 15:30
M15,0,1.1388,0,0,0,0,2015.10.13 15:15
M15,0,1.1388,0,0,0,0,2015.10.13 15:00
M15,1.1388,1.1388,0,1.1397,0,0,2015.10.13 14:45
M15,1.1388,0,0,0,0,0,2015.10.13 14:30
M15,1.1388,0,0,0,0,0,2015.10.13 14:15
M15,1.1388,0,0,0,0,0,2015.10.13 14:00
M15,1.1388,0,0,0,0,0,2015.10.13 13:45
M15,1.1388,0,0,0,0,0,2015.10.13 13:30
M15,1.1388,0,0,0,0,0,2015.10.13 13:15
M15,1.1388,0,0,0,0,0,2015.10.13 13:00
M15,1.1388,0,0,0,0,0,2015.10.13 12:45
M15,1.1388,0,0,0,0,0,2015.10.13 12:30
M15,1.1388,0,0,0,0,0,2015.10.13 12:15
M15,1.1388,0,0,0,0,0,2015.10.13 12:00
M15,1.1388,0,0,0,0,0,2015.10.13 11:45
M15,1.1388,0,0,0,0,0,2015.10.13 11:30
M15,1.1388,0,0,0,0,0,2015.10.13 11:15
M15,1.1386,0,0,0,0,0,2015.10.13 11:00
M15,1.1374,0,0,0,0,0,2015.10.13 10:45
M15,1.1365,0,0,0,0,0,2015.10.13 10:30
M15,1.1365,0,0,0,0,0,2015.10.13 10:15
M15,1.1365,0,0,0,0,0,2015.10.13 10:00
M15,1.1365,0,0,0,0,0,2015.10.13 09:45
M15,1.1365,0,0,0,0,0,2015.10.13 09:30
M15,1.1364,0,0,0,0,0,2015.10.13 09:15
M15,1.1363,0,0,0,0,0,2015.10.13 09:00
M15,1.1363,0,0,0,0,0,2015.10.13 08:45
M15,1.1363,0,0,0,0,0,2015.10.13 08:30
M15,1.1361,0,0,0,0,0,2015.10.13 08:15
M15,1.1358,0,0,0,0,0,2015.10.13 08:00
M15,1.1357,0,0,0,0,0,2015.10.13 07:45
M15,1.1357,0,0,0,0,0,2015.10.13 07:30
M15,1.1357,0,0,0,0,0,2015.10.13 07:15
M15,1.1357,0,0,0,0,0,2015.10.13 07:00
M15,1.1357,0,0,0,0,0,2015.10.13 06:45
M15,1.1355,0,0,0,0,0,2015.10.13 06:30
M15,1.1353,0,0,0,0,0,2015.10.13 06:15
M15,1.1353,1.1353,1.1349,0,0,0,2015.10.13 06:00
M15,0,1.1353,0,0,0,0,2015.10.13 05:45
M15,0,1.1353,0,0,0,0,2015.10.13 05:30
M15,0,1.1353,0,0,0,0,2015.10.13 05:15
M15,0,1.1353,0,0,0,0,2015.10.13 05:00
M15,0,1.1353,0,0,0,0,2015.10.13 04:45
M15,0,1.1354,0,0,0,0,2015.10.13 04:30
M15,0,1.1354,0,0,0,0,2015.10.13 04:15
M15,0,1.1356,0,0,0,0,2015.10.13 04:00
M15,0,1.1356,0,0,0,0,2015.10.13 03:45
M15,0,1.1357,0,0,0,0,2015.10.13 03:30
M15,0,1.1357,0,0,0,0,2015.10.13 03:15
M15,0,1.1357,0,0,0,0,2015.10.13 03:00
M15,0,1.1357,0,0,0,0,2015.10.13 02:45
M15,0,1.1357,0,0,0,0,2015.10.13 02:30
M15,0,1.1357,0,0,0,0,2015.10.13 02:15
M15,0,1.1357,0,0,0,0,2015.10.13 02:00
M15,0,1.1358,0,0,0,0,2015.10.13 01:45
M15,0,1.1358,0,0,0,0,2015.10.13 01:30
M15,0,1.1358,0,0,0,0,2015.10.13 01:15
M15,0,1.1359,0,0,0,0,2015.10.13 01:00
M15,0,1.1360,0,0,0,0,2015.10.13 00:45
M15,0,1.1364,0,0,0,0,2015.10.13 00:30
M15,0,1.1365,0,0,0,0,2015.10.13 00:15
M15,0,1.1365,0,0,0,0,2015.10.13 00:00
M15,0,1.1365,0,0,0,0,2015.10.12 23:45
M15,0,1.1367,0,0,0,0,2015.10.12 23:30
M15,0,1.1368,0,0,0,0,2015.10.12 23:15
M15,0,1.1370,0,0,0,0,2015.10.12 23:00
M15,0,1.1370,0,0,0,0,2015.10.12 22:45
M15,0,1.1370,0,0,0,0,2015.10.12 22:30
M15,0,1.1370,0,0,0,0,2015.10.12 22:15
M15,0,1.1370,0,0,0,0,2015.10.12 22:00
M15,0,1.1370,0,0,0,0,2015.10.12 21:45
M15,0,1.1374,0,0,0,0,2015.10.12 21:30
M15,0,1.1374,0,0,0,0,2015.10.12 21:15
M15,0,1.1374,0,0,0,0,2015.10.12 21:00
M15,0,1.1374,0,0,0,0,2015.10.12 20:45
M15,0,1.1374,0,0,0,0,2015.10.12 20:30
M15,0,1.1374,0,0,0,0,2015.10.12 20:15
M15,0,1.1374,0,0,0,0,2015.10.12 20:00
M15,0,1.1374,0,0,0,0,2015.10.12 19:45
M15,0,1.1374,0,0,0,0,2015.10.12 19:30
M15,0,1.1374,0,0,0,0,2015.10.12 19:15
M15,0,1.1374,0,0,0,0,2015.10.12 19:00
M15,0,1.1375,0,0,0,0,2015.10.12 18:45
M15,0,1.1376,0,0,0,0,2015.10.12 18:30
M15,0,1.1376,0,0,0,0,2015.10.12 18:15
M15,0,1.1376,0,0,0,0,2015.10.12 18:00
M15,0,1.1376,0,0,0,0,2015.10.12 17:45
M15,0,1.1376,0,0,0,0,2015.10.12 17:30
M15,0,1.1376,0,0,0,0,2015.10.12 17:15
M15,0,1.1376,0,0,0,0,2015.10.12 17:00
M15,0,1.1376,0,0,0,0,2015.10.12 16:45
M15,0,1.1376,0,0,0,0,2015.10.12 16:30
M15,0,1.1376,0,0,0,0,2015.10.12 16:15
M15,0,1.1376,0,0,0,0,2015.10.12 16:00
M15,0,1.1378,0,0,0,0,2015.10.12 15:45
M15,0,1.1378,0,0,0,0,2015.10.12 15:30
M15,0,1.1379,0,0,0,0,2015.10.12 15:15
M15,1.1379,1.1379,0,1.1388,0,0,2015.10.12 15:00
M15,1.1379,0,0,0,0,0,2015.10.12 14:45
M15,1.1379,0,0,0,0,0,2015.10.12 14:30
M15,1.1379,0,0,0,0,0,2015.10.12 14:15
M15,1.1379,0,0,0,0,0,2015.10.12 14:00
M15,1.1379,0,0,0,0,0,2015.10.12 13:45
M15,1.1379,0,0,0,0,0,2015.10.12 13:30
M15,1.1379,0,0,0,0,0,2015.10.12 13:15
M15,1.1379,0,0,0,0,0,2015.10.12 13:00
M15,1.1377,0,0,0,0,0,2015.10.12 12:45
M15,1.1375,0,0,0,0,0,2015.10.12 12:30
M15,1.1373,0,0,0,0,0,2015.10.12 12:15
M15,1.1373,0,0,0,0,0,2015.10.12 12:00
M15,1.1373,0,0,0,0,0,2015.10.12 11:45
M15,1.1372,0,-0.0008,0,0,0,2015.10.12 11:30
M15,0,0,0,0,0,0,2015.10.12 11:15
M15,0,0,0,0,0,0,2015.10.12 11:00
M15,0,0,0,0,0,0,2015.10.12 10:45
M15,0,0,0,0,0,0,2015.10.12 10:30
M15,0,0,0,0,0,0,2015.10.12 10:15
M15,0,0,0,0.0005,0,0,2015.10.12 10:00
M15,0,0,0,0,0,0,2015.10.12 09:45
M15,0,0,0,0,0,0,2015.10.12 09:30
M15,0,0,0,0,0,0,2015.10.12 09:15
M15,0,0,0,0,0,0,2015.10.12 09:00
M15,0,0,0,0,0,0,2015.10.12 08:45
M15,0,0,0,0,0,0,2015.10.12 08:30
M15,0,0,0,0,0,0,2015.10.12 08:15
M15,0,0,0,0,0,0,2015.10.12 08:00
M15,0,0,0,0,0,0,2015.10.12 07:45
M15,0,0,0,0,0,0,2015.10.12 07:30
M15,0,0,0,0,0,0,2015.10.12 07:15
M15,0,0,0,0,0,0,2015.10.12 07:00
M15,0,0,0,0,0,0,2015.10.12 06:45
M15,0,0,0,0,0,0,2015.10.12 06:30
M15,0,0,0,0,0,0,2015.10.12 06:15
M15,0,0,0,0,0,0,2015.10.12 06:00
M15,0,0,0,0,0,0,2015.10.12 05:45
M15,0,0,0,0,0,0,2015.10.12 05:30
M15,0,0,0,0,0,0,2015.10.12 05:15
M15,0,0,0,0,0,0,2015.10.12 05:00
M15,0,0,0,0,0,0,2015.10.12 04:45
M15,0,0,0,0,0,0,2015.10.12 04:30
M15,0,0,0,0,0,0,2015.10.12 04:15
M15,0,0,0,0,0,0,2015.10.12 04:00
M15,0,0,0,0,0,0,2015.10.12 03:45
M15,0,0,0,0,0,0,2015.10.12 03:30
M15,0,0,0,0,0,0,2015.10.12 03:15
M15,0,0,0,0,0,0,2015.10.12 03:00
M15,0,0,0,0,0,0,2015.10.12 02:45
M15,0,0,0,0,0,0,2015.10.12 02:30
M15,0,0,0,0,0,0,2015.10.12 02:15
M15,0,0,0,0,0,0,2015.10.12 02:00
M15,0,0,0,0,0,0,2015.10.12 01:45
M15,0,0,0,0,0,0,2015.10.12 01:30
M15,0,0,0,0,0,0,2015.10.12 01:15
M15,0,0,0,0,0,0,2015.10.12 01:00
M15,0,0,0,0,0,0,2015.10.12 00:45
M15,0,0,0,0,0,0,2015.10.12 00:30
M15,0,0,0,0,0,0,2015.10.12 00:15
M15,0,0,0,0,0,0,2015.10.12 00:00
M15,0,0,0,0,0,0,2015.10.09 22:45
M30,1.1382,0,0,0,0,0,2015.10.14 01:30
M30,1.1382,0,0,0,18.3000,0,2015.10.14 01:00
M30,1.1382,0,0,0,0,0,2015.10.14 00:30
M30,1.1382,0,0,0,0,0,2015.10.14 00:00
M30,1.1382,0,0,0,0,0,2015.10.13 23:30
M30,1.1382,0,0,0,0,0,2015.10.13 23:00
M30,1.1378,0,0,0,0,0,2015.10.13 22:30
M30,1.1378,0,0,0,0,0,2015.10.13 22:00
M30,1.1377,0,0,0,0,0,2015.10.13 21:30
M30,1.1377,0,0,0,0,0,2015.10.13 21:00
M30,1.1376,0,0,0,0,0,2015.10.13 20:30
M30,1.1375,0,0,0,0,0,2015.10.13 20:00
M30,1.1375,0,0,0,0,0,2015.10.13 19:30
M30,1.1375,0,0,0,0,0,2015.10.13 19:00
M30,1.1375,0,0,0,0,0,2015.10.13 18:30
M30,1.1375,0,0,0,0,0,2015.10.13 18:00
M30,1.1375,0,0,0,0,0,2015.10.13 17:30
M30,1.1375,0,0,0,0,0,2015.10.13 17:00
M30,1.1375,0,0,0,0,0,2015.10.13 16:30
M30,1.1375,0,0,0,0,0,2015.10.13 16:00
M30,1.1375,0,0,0,0,0,2015.10.13 15:30
M30,1.1375,0,0,0,0,0,2015.10.13 15:00
M30,1.1375,0,0,0,0,0,2015.10.13 14:30
M30,1.1372,0,0,0,0,0,2015.10.13 14:00
M30,1.1372,0,0,0,0,0,2015.10.13 13:30
M30,1.1372,0,0,0,0,0,2015.10.13 13:00
M30,1.1372,0,0,0,0,0,2015.10.13 12:30
M30,1.1372,0,0,0,0,0,2015.10.13 12:00
M30,1.1372,0,0,0,0,0,2015.10.13 11:30
M30,1.1362,0,0,0,0,0,2015.10.13 11:00
M30,1.1362,0,0,0,0,0,2015.10.13 10:30
M30,1.1362,0,0,0,0,0,2015.10.13 10:00
M30,1.1362,0,0,0,0,0,2015.10.13 09:30
M30,1.1358,0,0,0,0,0,2015.10.13 09:00
M30,1.1353,0,0,0,0,0,2015.10.13 08:30
M30,1.1353,0,0,0,0,0,2015.10.13 08:00
M30,1.1353,1.1353,1.1346,0,0,0,2015.10.13 07:30
M30,0,1.1353,0,0,0,0,2015.10.13 07:00
M30,0,1.1353,0,0,0,0,2015.10.13 06:30
M30,0,1.1353,0,0,0,0,2015.10.13 06:00
M30,0,1.1353,0,0,0,0,2015.10.13 05:30
M30,0,1.1353,0,0,0,0,2015.10.13 05:00
M30,0,1.1353,0,0,0,0,2015.10.13 04:30
M30,0,1.1358,0,0,0,0,2015.10.13 04:00
M30,0,1.1358,0,0,0,0,2015.10.13 03:30
M30,0,1.1358,0,0,0,0,2015.10.13 03:00
M30,0,1.1358,0,0,0,0,2015.10.13 02:30
M30,0,1.1358,0,0,0,0,2015.10.13 02:00
M30,0,1.1359,0,0,0,0,2015.10.13 01:30
M30,0,1.1363,0,0,0,0,2015.10.13 01:00
M30,0,1.1364,0,0,0,0,2015.10.13 00:30
M30,0,1.1367,0,0,0,0,2015.10.13 00:00
M30,0,1.1367,0,0,0,0,2015.10.12 23:30
M30,0,1.1371,0,0,0,0,2015.10.12 23:00
M30,1.1371,1.1371,0,1.1381,0,0,2015.10.12 22:30
M30,1.1371,0,0,0,0,0,2015.10.12 22:00
M30,1.1371,0,0,0,0,0,2015.10.12 21:30
M30,1.1371,0,0,0,0,0,2015.10.12 21:00
M30,1.1371,0,0,0,0,0,2015.10.12 20:30
M30,1.1371,0,0,0,0,0,2015.10.12 20:00
M30,1.1371,0,0,0,0,0,2015.10.12 19:30
M30,1.1371,0,0,0,0,0,2015.10.12 19:00
M30,1.1371,0,0,0,0,0,2015.10.12 18:30
M30,1.1371,0,0,0,0,0,2015.10.12 18:00
M30,1.1371,0,0,0,0,0,2015.10.12 17:30
M30,1.1371,0,0,0,0,0,2015.10.12 17:00
M30,1.1371,0,0,0,0,0,2015.10.12 16:30
M30,1.1371,0,0,0,0,0,2015.10.12 16:00
M30,1.1371,0,0,0,0,0,2015.10.12 15:30
M30,1.1371,0,0,0,0,0,2015.10.12 15:00
M30,1.1371,0,0,0,0,0,2015.10.12 14:30
M30,1.1371,0,0,0,0,0,2015.10.12 14:00
M30,1.1371,0,0,0,0,0,2015.10.12 13:30
M30,1.1371,0,0,0,0,0,2015.10.12 13:00
M30,1.1371,0,0,0,0,0,2015.10.12 12:30
M30,1.1371,0,0,0,0,0,2015.10.12 12:00
M30,1.1371,0,0,0,0,0,2015.10.12 11:30
M30,1.1371,0,0,0,0,0,2015.10.12 11:00
M30,1.1371,0,0,0,0,0,2015.10.12 10:30
M30,1.1371,0,0,0,0,0,2015.10.12 10:00
M30,1.1371,0,0,0,0,0,2015.10.12 09:30
M30,1.1371,0,0,0,0,0,2015.10.12 09:00
M30,1.1371,0,0,0,0,0,2015.10.12 08:30
M30,1.1371,0,0,0,0,0,2015.10.12 08:00
M30,1.1371,0,0,0,0,0,2015.10.12 07:30
M30,1.1370,0,0,0,0,0,2015.10.12 07:00
M30,1.1366,0,0,0,0,0,2015.10.12 06:30
M30,1.1363,0,0,0,0,0,2015.10.12 06:00
M30,1.1363,0,0,0,0,0,2015.10.12 05:30
M30,1.1362,0,0,0,0,0,2015.10.12 05:00
M30,1.1361,0,0,0,0,0,2015.10.12 04:30
M30,1.1361,0,0,0,0,0,2015.10.12 04:00
M30,1.1361,0,0,0,0,0,2015.10.12 03:30
M30,1.1361,0,0,0,0,0,2015.10.12 03:00
M30,1.1361,0,0,0,0,0,2015.10.12 02:30
M30,1.1361,0,0,0,0,0,2015.10.12 02:00
M30,1.1361,0,0,0,0,0,2015.10.12 01:30
M30,1.1361,0,0,0,0,0,2015.10.12 01:00
M30,1.1361,0,0,0,0,0,2015.10.12 00:30
M30,1.1361,0,0,0,0,0,2015.10.12 00:00
M30,1.1361,0,0,0,0,0,2015.10.09 22:30
M30,1.1361,0,0,0,0,0,2015.10.09 22:00
M30,1.1361,0,0,0,0,0,2015.10.09 21:30
M30,1.1361,0,0,0,0,0,2015.10.09 21:00
M30,1.1358,0,0,0,0,0,2015.10.09 20:30
M30,1.1357,0,0,0,0,0,2015.10.09 20:00
M30,1.1355,0,0,0,0,0,2015.10.09 19:30
M30,1.1355,0,0,0,0,0,2015.10.09 19:00
M30,1.1355,0,0,0,0,0,2015.10.09 18:30
M30,1.1355,0,0,0,0,0,2015.10.09 18:00
M30,1.1355,0,0,0,0,0,2015.10.09 17:30
M30,1.1355,0,0,0,0,0,2015.10.09 17:00
M30,1.1355,0,0,0,0,0,2015.10.09 16:30
M30,1.1355,0,0,0,0,0,2015.10.09 16:00
M30,1.1355,0,0,0,0,0,2015.10.09 15:30
M30,1.1336,0,0,0,0,0,2015.10.09 15:00
M30,1.1332,0,0,0,0,0,2015.10.09 14:30
M30,1.1324,0,0,0,0,0,2015.10.09 14:00
M30,1.1315,0,0,0,0,0,2015.10.09 13:30
M30,1.1315,0,0,0,0,0,2015.10.09 13:00
M30,1.1315,0,0,0,0,0,2015.10.09 12:30
M30,1.1303,0,0,0,0,0,2015.10.09 12:00
M30,1.1281,0,0,0,0,0,2015.10.09 11:30
M30,1.1281,0,0,0,0,0,2015.10.09 11:00
M30,1.1281,0,0,0,0,0,2015.10.09 10:30
M30,1.1281,0,0,0,0,0,2015.10.09 10:00
M30,1.1281,0,0,0,0,0,2015.10.09 09:30
M30,1.1281,0,0,0,0,0,2015.10.09 09:00
M30,1.1280,0,0,0,0,0,2015.10.09 08:30
M30,1.1280,0,0,0,0,0,2015.10.09 08:00
M30,1.1280,0,0,0,0,0,2015.10.09 07:30
M30,1.1280,0,0,0,0,0,2015.10.09 07:00
M30,1.1280,0,0,0,0,0,2015.10.09 06:30
M30,1.1280,0,0,0,0,0,2015.10.09 06:00
M30,1.1280,0,0,0,0,0,2015.10.09 05:30
M30,1.1280,0,0,0,0,0,2015.10.09 05:00
M30,1.1280,0,0,0,0,0,2015.10.09 04:30
M30,1.1280,0,0,0,0,0,2015.10.09 04:00
M30,1.1280,0,0,0,0,0,2015.10.09 03:30
M30,1.1280,0,0,0,0,0,2015.10.09 03:00
M30,1.1279,0,0,0,0,0,2015.10.09 02:30
M30,1.1275,0,0,0,0,0,2015.10.09 02:00
M30,1.1275,0,0,0,0,0,2015.10.09 01:30
M30,1.1275,0,0,0,0,0,2015.10.09 01:00
M30,1.1275,0,0,0,0,0,2015.10.09 00:30
M30,1.1275,0,0,0,0,0,2015.10.09 00:00
M30,1.1275,0,0,0,0,0,2015.10.08 23:30
M30,1.1275,0,0,0,0,0,2015.10.08 23:00
M30,1.1275,0,0,0,0,0,2015.10.08 22:30
M30,1.1275,0,0,0,0,0,2015.10.08 22:00
M30,1.1275,0,0,0,0,0,2015.10.08 21:30
M30,1.1275,0,0,0,0,0,2015.10.08 21:00
M30,1.1275,0,0,0,0,0,2015.10.08 20:30
M30,1.1269,0,-0.0014,0,0,0,2015.10.08 20:00
M30,0,0,0,0,0,0,2015.10.08 19:30
M30,0,0,0,0,0,0,2015.10.08 19:00
M30,0,0,0,0,0,0,2015.10.08 18:30
M30,0,0,0,0,0,0,2015.10.08 18:00
M30,0,0,0,0,0,0,2015.10.08 17:30
M30,0,0,0,0,0,0,2015.10.08 17:00
M30,0,0,0,0.0018,0,0,2015.10.08 16:30
M30,0,0,0,0,0,0,2015.10.08 16:00
M30,0,0,0,0,0,0,2015.10.08 15:30
M30,0,0,0,0,0,0,2015.10.08 15:00
M30,0,0,0,0,0,0,2015.10.08 14:30
M30,0,0,0,0,0,0,2015.10.08 14:00
M30,0,0,0,0,0,0,2015.10.08 13:30
M30,0,0,0,0,0,0,2015.10.08 13:00
M30,0,0,0,0,0,0,2015.10.08 12:30
M30,0,0,0,0,0,0,2015.10.08 12:00
M30,0,0,0,0,0,0,2015.10.08 11:30
M30,0,0,0,0,0,0,2015.10.08 11:00
M30,0,0,0,0,0,0,2015.10.08 10:30
M30,0,0,0,0,0,0,2015.10.08 10:00
M30,0,0,0,0,0,0,2015.10.08 09:30
M30,0,0,0,0,0,0,2015.10.08 09:00
M30,0,0,0,0,0,0,2015.10.08 08:30
M30,0,0,0,0,0,0,2015.10.08 08:00
M30,0,0,0,0,0,0,2015.10.08 07:30
M30,0,0,0,0,0,0,2015.10.08 07:00
M30,0,0,0,0,0,0,2015.10.08 06:30
M30,0,0,0,0,0,0,2015.10.08 06:00
M30,0,0,0,0,0,0,2015.10.08 05:30
M30,0,0,0,0,0,0,2015.10.08 05:00
M30,0,0,0,0,0,0,2015.10.08 04:30
M30,0,0,0,0,0,0,2015.10.08 04:00
M30,0,0,0,0,0,0,2015.10.08 03:30
M30,0,0,0,0,0,0,2015.10.08 03:00
M30,0,0,0,0,0,0,2015.10.08 02:30
M30,0,0,0,0,0,0,2015.10.08 02:00
M30,0,0,0,0,0,0,2015.10.08 01:30
M30,0,0,0,0,0,0,2015.10.08 01:00
M30,0,0,0,0,0,0,2015.10.08 00:30
M30,0,0,0,0,0,0,2015.10.08 00:00
M30,0,0,0,0,0,0,2015.10.07 23:30
M30,0,0,0,0,0,0,2015.10.07 23:00
M30,0,0,0,0,0,0,2015.10.07 22:30
M30,0,0,0,0,0,0,2015.10.07 22:00
M30,0,0,0,0,0,0,2015.10.07 21:30
M30,0,0,0,0,0,0,2015.10.07 21:00
H1,1.1376,0,0,0,0,0,2015.10.14 01:00
H1,1.1376,0,0,0,48.8600,0,2015.10.14 00:00
H1,1.1376,0,0,0,0,0,2015.10.13 23:00
H1,1.1376,0,0,0,0,0,2015.10.13 22:00
H1,1.1372,0,0,0,0,0,2015.10.13 21:00
H1,1.1372,0,0,0,0,0,2015.10.13 20:00
H1,1.1372,0,0,0,0,0,2015.10.13 19:00
H1,1.1372,0,0,0,0,0,2015.10.13 18:00
H1,1.1372,0,0,0,0,0,2015.10.13 17:00
H1,1.1372,0,0,0,0,0,2015.10.13 16:00
H1,1.1372,0,0,0,0,0,2015.10.13 15:00
H1,1.1369,0,0,0,0,0,2015.10.13 14:00
H1,1.1368,0,0,0,0,0,2015.10.13 13:00
H1,1.1367,0,0,0,0,0,2015.10.13 12:00
H1,1.1359,0,0,0,0,0,2015.10.13 11:00
H1,1.1359,1.1359,1.1346,0,0,0,2015.10.13 10:00
H1,0,1.1359,0,0,0,0,2015.10.13 09:00
H1,0,1.1359,0,0,0,0,2015.10.13 08:00
H1,0,1.1359,0,0,0,0,2015.10.13 07:00
H1,0,1.1359,0,0,0,0,2015.10.13 06:00
H1,0,1.1359,0,0,0,0,2015.10.13 05:00
H1,0,1.1359,0,0,0,0,2015.10.13 04:00
H1,0,1.1366,0,0,0,0,2015.10.13 03:00
H1,1.1366,1.1366,0,1.1377,0,0,2015.10.13 02:00
H1,1.1366,0,0,0,0,0,2015.10.13 01:00
H1,1.1366,0,0,0,0,0,2015.10.13 00:00
H1,1.1366,0,0,0,0,0,2015.10.12 23:00
H1,1.1366,0,0,0,0,0,2015.10.12 22:00
H1,1.1366,0,0,0,0,0,2015.10.12 21:00
H1,1.1366,0,0,0,0,0,2015.10.12 20:00
H1,1.1366,0,0,0,0,0,2015.10.12 19:00
H1,1.1366,0,0,0,0,0,2015.10.12 18:00
H1,1.1366,0,0,0,0,0,2015.10.12 17:00
H1,1.1366,0,0,0,0,0,2015.10.12 16:00
H1,1.1366,0,0,0,0,0,2015.10.12 15:00
H1,1.1366,0,0,0,0,0,2015.10.12 14:00
H1,1.1366,0,0,0,0,0,2015.10.12 13:00
H1,1.1366,0,0,0,0,0,2015.10.12 12:00
H1,1.1366,0,0,0,0,0,2015.10.12 11:00
H1,1.1366,0,0,0,0,0,2015.10.12 10:00
H1,1.1366,0,0,0,0,0,2015.10.12 09:00
H1,1.1366,0,0,0,0,0,2015.10.12 08:00
H1,1.1366,0,0,0,0,0,2015.10.12 07:00
H1,1.1364,0,0,0,0,0,2015.10.12 06:00
H1,1.1359,0,0,0,0,0,2015.10.12 05:00
H1,1.1356,0,0,0,0,0,2015.10.12 04:00
H1,1.1353,0,0,0,0,0,2015.10.12 03:00
H1,1.1353,0,0,0,0,0,2015.10.12 02:00
H1,1.1353,0,0,0,0,0,2015.10.12 01:00
H1,1.1350,0,0,0,0,0,2015.10.12 00:00
H1,1.1350,0,0,0,0,0,2015.10.09 22:00
H1,1.1341,0,0,0,0,0,2015.10.09 21:00
H1,1.1341,0,0,0,0,0,2015.10.09 20:00
H1,1.1341,0,0,0,0,0,2015.10.09 19:00
H1,1.1341,0,0,0,0,0,2015.10.09 18:00
H1,1.1341,0,0,0,0,0,2015.10.09 17:00
H1,1.1340,0,0,0,0,0,2015.10.09 16:00
H1,1.1316,0,0,0,0,0,2015.10.09 15:00
H1,1.1312,0,0,0,0,0,2015.10.09 14:00
H1,1.1278,0,0,0,0,0,2015.10.09 13:00
H1,1.1278,0,0,0,0,0,2015.10.09 12:00
H1,1.1278,0,0,0,0,0,2015.10.09 11:00
H1,1.1278,0,0,0,0,0,2015.10.09 10:00
H1,1.1278,0,0,0,0,0,2015.10.09 09:00
H1,1.1278,0,0,0,0,0,2015.10.09 08:00
H1,1.1278,0,0,0,0,0,2015.10.09 07:00
H1,1.1278,0,0,0,0,0,2015.10.09 06:00
H1,1.1278,0,0,0,0,0,2015.10.09 05:00
H1,1.1278,0,0,0,0,0,2015.10.09 04:00
H1,1.1278,0,0,0,0,0,2015.10.09 03:00
H1,1.1278,0,0,0,0,0,2015.10.09 02:00
H1,1.1278,0,0,0,0,0,2015.10.09 01:00
H1,1.1278,0,0,0,0,0,2015.10.09 00:00
H1,1.1278,0,0,0,0,0,2015.10.08 23:00
H1,1.1278,0,0,0,0,0,2015.10.08 22:00
H1,1.1278,0,0,0,0,0,2015.10.08 21:00
H1,1.1278,0,0,0,0,0,2015.10.08 20:00
H1,1.1278,0,0,0,0,0,2015.10.08 19:00
H1,1.1278,0,0,0,0,0,2015.10.08 18:00
H1,1.1278,0,0,0,0,0,2015.10.08 17:00
H1,1.1278,0,0,0,0,0,2015.10.08 16:00
H1,1.1278,0,0,0,0,0,2015.10.08 15:00
H1,1.1278,0,0,0,0,0,2015.10.08 14:00
H1,1.1260,0,0,0,0,0,2015.10.08 13:00
H1,1.1247,0,0,0,0,0,2015.10.08 12:00
H1,1.1241,0,0,0,0,0,2015.10.08 11:00
H1,1.1238,0,0,0,0,0,2015.10.08 10:00
H1,1.1238,1.1238,1.1229,0,0,0,2015.10.08 09:00
H1,0,1.1238,0,0,0,0,2015.10.08 08:00
H1,0,1.1238,0,0,0,0,2015.10.08 07:00
H1,0,1.1238,0,0,0,0,2015.10.08 06:00
H1,0,1.1238,0,0,0,0,2015.10.08 05:00
H1,0,1.1238,0,0,0,0,2015.10.08 04:00
H1,0,1.1238,0,0,0,0,2015.10.08 03:00
H1,0,1.1242,0,0,0,0,2015.10.08 02:00
H1,0,1.1253,0,0,0,0,2015.10.08 01:00
H1,0,1.1256,0,0,0,0,2015.10.08 00:00
H1,0,1.1256,0,0,0,0,2015.10.07 23:00
H1,0,1.1256,0,0,0,0,2015.10.07 22:00
H1,0,1.1256,0,0,0,0,2015.10.07 21:00
H1,0,1.1256,0,0,0,0,2015.10.07 20:00
H1,0,1.1260,0,0,0,0,2015.10.07 19:00
H1,0,1.1264,0,0,0,0,2015.10.07 18:00
H1,0,1.1264,0,0,0,0,2015.10.07 17:00
H1,1.1264,1.1264,0,1.1285,0,0,2015.10.07 16:00
H1,1.1264,0,0,0,0,0,2015.10.07 15:00
H1,1.1264,0,0,0,0,0,2015.10.07 14:00
H1,1.1264,0,0,0,0,0,2015.10.07 13:00
H1,1.1264,0,0,0,0,0,2015.10.07 12:00
H1,1.1264,0,0,0,0,0,2015.10.07 11:00
H1,1.1264,0,0,0,0,0,2015.10.07 10:00
H1,1.1264,0,0,0,0,0,2015.10.07 09:00
H1,1.1264,0,0,0,0,0,2015.10.07 08:00
H1,1.1264,0,0,0,0,0,2015.10.07 07:00
H1,1.1264,0,0,0,0,0,2015.10.07 06:00
H1,1.1264,0,0,0,0,0,2015.10.07 05:00
H1,1.1264,0,0,0,0,0,2015.10.07 04:00
H1,1.1264,0,0,0,0,0,2015.10.07 03:00
H1,1.1263,0,0,0,0,0,2015.10.07 02:00
H1,1.1263,0,0,0,0,0,2015.10.07 01:00
H1,1.1259,0,0,0,0,0,2015.10.07 00:00
H1,1.1257,0,0,0,0,0,2015.10.06 23:00
H1,1.1256,0,0,0,0,0,2015.10.06 22:00
H1,1.1256,0,0,0,0,0,2015.10.06 21:00
H1,1.1216,0,0,0,0,0,2015.10.06 20:00
H1,1.1209,0,0,0,0,0,2015.10.06 19:00
H1,1.1209,0,0,0,0,0,2015.10.06 18:00
H1,1.1209,0,0,0,0,0,2015.10.06 17:00
H1,1.1209,0,0,0,0,0,2015.10.06 16:00
H1,1.1187,0,0,0,0,0,2015.10.06 15:00
H1,1.1187,1.1187,1.1170,0,0,0,2015.10.06 14:00
H1,0,1.1187,0,0,0,0,2015.10.06 13:00
H1,0,1.1187,0,0,0,0,2015.10.06 12:00
H1,0,1.1187,0,0,0,0,2015.10.06 11:00
H1,0,1.1187,0,0,0,0,2015.10.06 10:00
H1,0,1.1187,0,0,0,0,2015.10.06 09:00
H1,0,1.1187,0,0,0,0,2015.10.06 08:00
H1,0,1.1187,0,0,0,0,2015.10.06 07:00
H1,0,1.1187,0,0,0,0,2015.10.06 06:00
H1,0,1.1187,0,0,0,0,2015.10.06 05:00
H1,0,1.1187,0,0,0,0,2015.10.06 04:00
H1,0,1.1187,0,0,0,0,2015.10.06 03:00
H1,0,1.1187,0,0,0,0,2015.10.06 02:00
H1,0,1.1187,0,0,0,0,2015.10.06 01:00
H1,0,1.1187,0,0,0,0,2015.10.06 00:00
H1,0,1.1188,0,0,0,0,2015.10.05 23:00
H1,0,1.1199,0,0,0,0,2015.10.05 22:00
H1,0,1.1217,0,0,0,0,2015.10.05 21:00
H1,0,1.1223,0,0,0,0,2015.10.05 20:00
H1,0,1.1223,0,0,0,0,2015.10.05 19:00
H1,1.1223,1.1223,0,1.1250,0,0,2015.10.05 18:00
H1,1.1223,0,0,0,0,0,2015.10.05 17:00
H1,1.1223,0,0,0,0,0,2015.10.05 16:00
H1,1.1223,0,0,0,0,0,2015.10.05 15:00
H1,1.1223,0,0,0,0,0,2015.10.05 14:00
H1,1.1223,0,0,0,0,0,2015.10.05 13:00
H1,1.1223,0,0,0,0,0,2015.10.05 12:00
H1,1.1223,0,0,0,0,0,2015.10.05 11:00
H1,1.1223,0,0,0,0,0,2015.10.05 10:00
H1,1.1223,0,0,0,0,0,2015.10.05 09:00
H1,1.1221,0,0,0,0,0,2015.10.05 08:00
H1,1.1215,0,0,0,0,0,2015.10.05 07:00
H1,1.1209,0,0,0,0,0,2015.10.05 06:00
H1,1.1204,0,0,0,0,0,2015.10.05 05:00
H1,1.1202,0,-0.0023,0,0,0,2015.10.05 04:00
H1,0,0,0,0,0,0,2015.10.05 03:00
H1,0,0,0,0,0,0,2015.10.05 02:00
H1,0,0,0,0,0,0,2015.10.05 01:00
H1,0,0,0,0,0,0,2015.10.05 00:00
H1,0,0,0,0,0,0,2015.10.02 22:00
H1,0,0,0,0,0,0,2015.10.02 21:00
H1,0,0,0,0,0,0,2015.10.02 20:00
H1,0,0,0,0,0,0,2015.10.02 19:00
H1,0,0,0,0,0,0,2015.10.02 18:00
H1,0,0,0,0,0,0,2015.10.02 17:00
H1,0,0,0,0,0,0,2015.10.02 16:00
H1,0,0,0,0,0,0,2015.10.02 15:00
H1,0,0,0,0,0,0,2015.10.02 14:00
H1,0,0,0,0,0,0,2015.10.02 13:00
H1,0,0,0,0,0,0,2015.10.02 12:00
H1,0,0,0,0,0,0,2015.10.02 11:00
H1,0,0,0,0.0011,0,0,2015.10.02 10:00
H1,0,0,0,0,0,0,2015.10.02 09:00
H1,0,0,0,0,0,0,2015.10.02 08:00
H1,0,0,0,0,0,0,2015.10.02 07:00
H1,0,0,0,0,0,0,2015.10.02 06:00
H1,0,0,0,0,0,0,2015.10.02 05:00
H1,0,0,0,0,0,0,2015.10.02 04:00
H1,0,0,0,0,0,0,2015.10.02 03:00
H1,0,0,0,0,0,0,2015.10.02 02:00
H1,0,0,0,0,0,0,2015.10.02 01:00
H1,0,0,0,0,0,0,2015.10.02 00:00
H1,0,0,0,0,0,0,2015.10.01 23:00
H1,0,0,0,0,0,0,2015.10.01 22:00
H1,0,0,0,0,0,0,2015.10.01 21:00
H1,0,0,0,0,0,0,2015.10.01 20:00
H1,0,0,0,0,0,0,2015.10.01 19:00
H1,0,0,0,0,0,0,2015.10.01 18:00
H1,0,0,0,0,0,0,2015.10.01 17:00
H1,0,0,0,0,0,0,2015.10.01 16:00
H4,1.1365,0,0,0,0,0,2015.10.14 00:00
H4,1.1365,0,0,0,74.4200,0,2015.10.13 20:00
H4,1.1365,0,0,0,0,0,2015.10.13 16:00
H4,1.1365,0,0,0,0,0,2015.10.13 12:00
H4,1.1365,0,0,0,0,0,2015.10.13 08:00
H4,1.1365,0,0,0,0,0,2015.10.13 04:00
H4,1.1365,0,0,0,0,0,2015.10.13 00:00
H4,1.1365,0,0,0,0,0,2015.10.12 20:00
H4,1.1365,0,0,0,0,0,2015.10.12 16:00
H4,1.1353,0,0,0,0,0,2015.10.12 12:00
H4,1.1353,0,0,0,0,0,2015.10.12 08:00
H4,1.1351,0,0,0,0,0,2015.10.12 04:00
H4,1.1317,0,0,0,0,0,2015.10.12 00:00
H4,1.1271,0,0,0,0,0,2015.10.09 20:00
H4,1.1257,0,0,0,0,0,2015.10.09 16:00
H4,1.1257,0,0,0,0,0,2015.10.09 12:00
H4,1.1257,0,0,0,0,0,2015.10.09 08:00
H4,1.1255,0,0,0,0,0,2015.10.09 04:00
H4,1.1254,0,0,0,0,0,2015.10.09 00:00
H4,1.1245,0,0,0,0,0,2015.10.08 20:00
H4,1.1241,0,0,0,0,0,2015.10.08 16:00
H4,1.1241,0,0,0,0,0,2015.10.08 12:00
H4,1.1241,0,0,0,0,0,2015.10.08 08:00
H4,1.1241,0,0,0,0,0,2015.10.08 04:00
H4,1.1241,0,0,0,0,0,2015.10.08 00:00
H4,1.1241,0,0,0,0,0,2015.10.07 20:00
H4,1.1241,0,0,0,0,0,2015.10.07 16:00
H4,1.1241,0,0,0,0,0,2015.10.07 12:00
H4,1.1241,0,0,0,0,0,2015.10.07 08:00
H4,1.1220,0,0,0,0,0,2015.10.07 04:00
H4,1.1188,0,0,0,0,0,2015.10.07 00:00
H4,1.1188,0,0,0,0,0,2015.10.06 20:00
H4,1.1188,0,0,0,0,0,2015.10.06 16:00
H4,1.1188,0,0,0,0,0,2015.10.06 12:00
H4,1.1188,0,0,0,0,0,2015.10.06 08:00
H4,1.1188,0,0,0,0,0,2015.10.06 04:00
H4,1.1188,0,0,0,0,0,2015.10.06 00:00
H4,1.1188,0,0,0,0,0,2015.10.05 20:00
H4,1.1188,0,0,0,0,0,2015.10.05 16:00
H4,1.1188,0,0,0,0,0,2015.10.05 12:00
H4,1.1185,0,0,0,0,0,2015.10.05 08:00
H4,1.1185,1.1185,1.1138,0,0,0,2015.10.05 04:00
H4,0,1.1185,0,0,0,0,2015.10.05 00:00
H4,0,1.1185,0,0,0,0,2015.10.02 20:00
H4,0,1.1185,0,0,0,0,2015.10.02 16:00
H4,0,1.1185,0,0,0,0,2015.10.02 12:00
H4,0,1.1185,0,0,0,0,2015.10.02 08:00
H4,0,1.1185,0,0,0,0,2015.10.02 04:00
H4,0,1.1185,0,0,0,0,2015.10.02 00:00
H4,0,1.1185,0,0,0,0,2015.10.01 20:00
H4,0,1.1185,0,0,0,0,2015.10.01 16:00
H4,0,1.1185,0,0,0,0,2015.10.01 12:00
H4,0,1.1221,0,0,0,0,2015.10.01 08:00
H4,1.1221,1.1221,0,1.1256,0,0,2015.10.01 04:00
H4,1.1221,0,0,0,0,0,2015.10.01 00:00
H4,1.1221,0,0,0,0,0,2015.09.30 20:00
H4,1.1221,0,0,0,0,0,2015.09.30 16:00
H4,1.1221,0,0,0,0,0,2015.09.30 12:00
H4,1.1221,0,0,0,0,0,2015.09.30 08:00
H4,1.1219,0,0,0,0,0,2015.09.30 04:00
H4,1.1219,0,0,0,0,0,2015.09.30 00:00
H4,1.1219,0,0,0,0,0,2015.09.29 20:00
H4,1.1219,0,0,0,0,0,2015.09.29 16:00
H4,1.1219,0,0,0,0,0,2015.09.29 12:00
H4,1.1219,0,0,0,0,0,2015.09.29 08:00
H4,1.1175,0,0,0,0,0,2015.09.29 04:00
H4,1.1175,0,0,0,0,0,2015.09.29 00:00
H4,1.1175,0,0,0,0,0,2015.09.28 20:00
H4,1.1175,0,0,0,0,0,2015.09.28 16:00
H4,1.1175,0,0,0,0,0,2015.09.28 12:00
H4,1.1175,0,0,0,0,0,2015.09.28 08:00
H4,1.1175,0,0,0,0,0,2015.09.28 04:00
H4,1.1175,0,0,0,0,0,2015.09.28 00:00
H4,1.1175,0,0,0,0,0,2015.09.25 20:00
H4,1.1175,0,0,0,0,0,2015.09.25 16:00
H4,1.1175,0,0,0,0,0,2015.09.25 12:00
H4,1.1175,0,0,0,0,0,2015.09.25 08:00
H4,1.1175,0,0,0,0,0,2015.09.25 04:00
H4,1.1175,0,0,0,0,0,2015.09.25 00:00
H4,1.1175,0,0,0,0,0,2015.09.24 20:00
H4,1.1155,0,0,0,0,0,2015.09.24 16:00
H4,1.1139,0,0,0,0,0,2015.09.24 12:00
H4,1.1139,1.1139,1.1100,0,0,0,2015.09.24 08:00
H4,0,1.1139,0,0,0,0,2015.09.24 04:00
H4,0,1.1139,0,0,0,0,2015.09.24 00:00
H4,0,1.1139,0,0,0,0,2015.09.23 20:00
H4,0,1.1139,0,0,0,0,2015.09.23 16:00
H4,0,1.1139,0,0,0,0,2015.09.23 12:00
H4,0,1.1139,0,0,0,0,2015.09.23 08:00
H4,0,1.1161,0,0,0,0,2015.09.23 04:00
H4,0,1.1204,0,0,0,0,2015.09.23 00:00
H4,0,1.1216,0,0,0,0,2015.09.22 20:00
H4,0,1.1216,0,0,0,0,2015.09.22 16:00
H4,0,1.1216,0,0,0,0,2015.09.22 12:00
H4,0,1.1216,0,0,0,0,2015.09.22 08:00
H4,0,1.1249,0,0,0,0,2015.09.22 04:00
H4,0,1.1310,0,0,0,0,2015.09.22 00:00
H4,0,1.1349,0,0,0,0,2015.09.21 20:00
H4,0,1.1353,0,0,0,0,2015.09.21 16:00
H4,0,1.1387,0,0,0,0,2015.09.21 12:00
H4,1.1387,1.1387,0,1.1445,0,0,2015.09.21 08:00
H4,1.1387,0,0,0,0,0,2015.09.21 04:00
H4,1.1387,0,0,0,0,0,2015.09.21 00:00
H4,1.1387,0,0,0,0,0,2015.09.18 20:00
H4,1.1387,0,0,0,0,0,2015.09.18 16:00
H4,1.1387,0,0,0,0,0,2015.09.18 12:00
H4,1.1320,0,0,0,0,0,2015.09.18 08:00
H4,1.1320,0,0,0,0,0,2015.09.18 04:00
H4,1.1320,0,0,0,0,0,2015.09.18 00:00
H4,1.1320,1.1320,1.1271,0,0,0,2015.09.17 20:00
H4,0,1.1320,0,0,0,0,2015.09.17 16:00
H4,0,1.1320,0,0,0,0,2015.09.17 12:00
H4,0,1.1320,0,0,0,0,2015.09.17 08:00
H4,0,1.1320,0,0,0,0,2015.09.17 04:00
H4,0,1.1320,0,0,0,0,2015.09.17 00:00
H4,0,1.1320,0,0,0,0,2015.09.16 20:00
H4,0,1.1320,0,0,0,0,2015.09.16 16:00
H4,0,1.1335,0,0,0,0,2015.09.16 12:00
H4,1.1335,1.1335,0,1.1366,0,0,2015.09.16 08:00
H4,1.1335,0,0,0,0,0,2015.09.16 04:00
H4,1.1335,0,0,0,0,0,2015.09.16 00:00
H4,1.1335,0,0,0,0,0,2015.09.15 20:00
H4,1.1335,0,0,0,0,0,2015.09.15 16:00
H4,1.1335,0,0,0,0,0,2015.09.15 12:00
H4,1.1335,0,0,0,0,0,2015.09.15 08:00
H4,1.1335,0,0,0,0,0,2015.09.15 04:00
H4,1.1335,0,0,0,0,0,2015.09.15 00:00
H4,1.1335,0,0,0,0,0,2015.09.14 20:00
H4,1.1335,0,0,0,0,0,2015.09.14 16:00
H4,1.1335,0,0,0,0,0,2015.09.14 12:00
H4,1.1335,0,0,0,0,0,2015.09.14 08:00
H4,1.1274,0,0,0,0,0,2015.09.14 04:00
H4,1.1269,0,0,0,0,0,2015.09.14 00:00
H4,1.1269,0,0,0,0,0,2015.09.11 20:00
H4,1.1269,0,0,0,0,0,2015.09.11 16:00
H4,1.1269,0,0,0,0,0,2015.09.11 12:00
H4,1.1261,0,0,0,0,0,2015.09.11 08:00
H4,1.1212,0,0,0,0,0,2015.09.11 04:00
H4,1.1189,0,0,0,0,0,2015.09.11 00:00
H4,1.1189,0,0,0,0,0,2015.09.10 20:00
H4,1.1189,0,0,0,0,0,2015.09.10 16:00
H4,1.1189,0,0,0,0,0,2015.09.10 12:00
H4,1.1168,0,0,0,0,0,2015.09.10 08:00
H4,1.1168,0,0,0,0,0,2015.09.10 04:00
H4,1.1168,0,0,0,0,0,2015.09.10 00:00
H4,1.1168,0,0,0,0,0,2015.09.09 20:00
H4,1.1168,0,0,0,0,0,2015.09.09 16:00
H4,1.1168,0,0,0,0,0,2015.09.09 12:00
H4,1.1168,0,0,0,0,0,2015.09.09 08:00
H4,1.1168,0,0,0,0,0,2015.09.09 04:00
H4,1.1168,0,0,0,0,0,2015.09.09 00:00
H4,1.1163,0,-0.0037,0,0,0,2015.09.08 20:00
H4,0,0,0,0,0,0,2015.09.08 16:00
H4,0,0,0,0,0,0,2015.09.08 12:00
H4,0,0,0,0,0,0,2015.09.08 08:00
H4,0,0,0,0,0,0,2015.09.08 04:00
H4,0,0,0,0,0,0,2015.09.08 00:00
H4,0,0,0,0,0,0,2015.09.07 20:00
H4,0,0,0,0,0,0,2015.09.07 16:00
H4,0,0,0,0,0,0,2015.09.07 12:00
H4,0,0,0,0,0,0,2015.09.07 08:00
H4,0,0,0,0,0,0,2015.09.07 04:00
H4,0,0,0,0,0,0,2015.09.07 00:00
H4,0,0,0,0,0,0,2015.09.04 20:00
H4,0,0,0,0,0,0,2015.09.04 16:00
H4,0,0,0,0,0,0,2015.09.04 12:00
H4,0,0,0,0,0,0,2015.09.04 08:00
H4,0,0,0,0,0,0,2015.09.04 04:00
H4,0,0,0,0,0,0,2015.09.04 00:00
H4,0,0,0,0,0,0,2015.09.03 20:00
H4,0,0,0,0,0,0,2015.09.03 16:00
H4,0,0,0,0.0044,0,0,2015.09.03 12:00
H4,0,0,0,0,0,0,2015.09.03 08:00
H4,0,0,0,0,0,0,2015.09.03 04:00
H4,0,0,0,0,0,0,2015.09.03 00:00
H4,0,0,0,0,0,0,2015.09.02 20:00
H4,0,0,0,0,0,0,2015.09.02 16:00
H4,0,0,0,0,0,0,2015.09.02 12:00
H4,0,0,0,0,0,0,2015.09.02 08:00
H4,0,0,0,0,0,0,2015.09.02 04:00
H4,0,0,0,0,0,0,2015.09.02 00:00
H4,0,0,0,0,0,0,2015.09.01 20:00
H4,0,0,0,0,0,0,2015.09.01 16:00
H4,0,0,0,0,0,0,2015.09.01 12:00
H4,0,0,0,0,0,0,2015.09.01 08:00
H4,0,0,0,0,0,0,2015.09.01 04:00
H4,0,0,0,0,0,0,2015.09.01 00:00
H4,0,0,0,0,0,0,2015.08.31 20:00
H4,0,0,0,0,0,0,2015.08.31 16:00
H4,0,0,0,0,0,0,2015.08.31 12:00
H4,0,0,0,0,0,0,2015.08.31 08:00
H4,0,0,0,0,0,0,2015.08.31 04:00
H4,0,0,0,0,0,0,2015.08.31 00:00
H4,0,0,0,0,0,0,2015.08.28 20:00
H4,0,0,0,0,0,0,2015.08.28 16:00
H4,0,0,0,0,0,0,2015.08.28 12:00
H4,0,0,0,0,0,0,2015.08.28 08:00
H4,0,0,0,0,0,0,2015.08.28 04:00
H4,0,0,0,0,0,0,2015.08.28 00:00
H4,0,0,0,0,0,0,2015.08.27 20:00
D1,1.1245,0,0,0,0,0,2015.10.14 00:00
D1,1.1245,0,0,0,0,0,2015.10.13 00:00
D1,1.1245,0,0,0,0,0,2015.10.12 00:00
D1,1.1245,0,0,0,0,0,2015.10.09 00:00
D1,1.1245,0,0,0,0,0,2015.10.08 00:00
D1,1.1245,0,0,0,0,0,2015.10.07 00:00
D1,1.1245,0,0,0,0,0,2015.10.06 00:00
D1,1.1245,0,0,0,0,0,2015.10.05 00:00
D1,1.1245,0,0,0,0,0,2015.10.02 00:00
D1,1.1245,0,0,0,0,0,2015.10.01 00:00
D1,1.1245,0,0,0,0,0,2015.09.30 00:00
D1,1.1245,0,0,0,0,0,2015.09.29 00:00
D1,1.1245,0,0,0,0,0,2015.09.28 00:00
D1,1.1245,0,0,0,0,0,2015.09.25 00:00
D1,1.1245,0,0,0,0,0,2015.09.24 00:00
D1,1.1245,0,0,0,0,0,2015.09.23 00:00
D1,1.1245,0,0,0,0,0,2015.09.22 00:00
D1,1.1245,0,0,0,0,0,2015.09.21 00:00
D1,1.1245,0,0,0,0,0,2015.09.18 00:00
D1,1.1245,0,0,0,0,0,2015.09.17 00:00
D1,1.1245,0,0,0,0,0,2015.09.16 00:00
D1,1.1189,0,0,0,0,0,2015.09.15 00:00
D1,1.1155,0,0,0,0,0,2015.09.14 00:00
D1,1.1147,0,0,0,0,0,2015.09.11 00:00
D1,1.1147,0,0,0,0,0,2015.09.10 00:00
D1,1.1147,0,0,0,0,0,2015.09.09 00:00
D1,1.1147,0,0,0,0,0,2015.09.08 00:00
D1,1.1147,0,0,0,0,0,2015.09.07 00:00
D1,1.1147,0,0,0,0,0,2015.09.04 00:00
D1,1.1147,0,0,0,0,0,2015.09.03 00:00
D1,1.1147,0,0,0,0,0,2015.09.02 00:00
D1,1.1147,0,0,0,0,0,2015.09.01 00:00
D1,1.1133,0,0,0,0,0,2015.08.31 00:00
D1,1.1133,0,0,0,0,0,2015.08.28 00:00
D1,1.1133,0,0,0,0,0,2015.08.27 00:00
D1,1.1132,0,0,0,0,0,2015.08.26 00:00
D1,1.1010,0,0,0,0,0,2015.08.25 00:00
D1,1.1006,0,0,0,0,0,2015.08.24 00:00
D1,1.1006,0,0,0,0,0,2015.08.21 00:00
D1,1.1006,0,0,0,0,0,2015.08.20 00:00
D1,1.1006,0,-0.0107,0,0,0,2015.08.19 00:00
D1,0,0,0,0,0,0,2015.08.18 00:00
D1,0,0,0,0,0,0,2015.08.17 00:00
D1,0,0,0,0,0,0,2015.08.14 00:00
D1,0,0,0,0,0,0,2015.08.13 00:00
D1,0,0,0,0,0,0,2015.08.12 00:00
D1,0,0,0,0,0,0,2015.08.11 00:00
D1,0,0,0,0,0,0,2015.08.10 00:00
D1,0,0,0,0,0,0,2015.08.07 00:00
D1,0,0,0,0,0,0,2015.08.06 00:00
D1,0,0,0,0,0,0,2015.08.05 00:00
D1,0,0,0,0,0,0,2015.08.04 00:00
D1,0,0,0,0,0,0,2015.08.03 00:00
D1,0,0,0,0,0,0,2015.07.31 00:00
D1,0,0,0,0,0,0,2015.07.30 00:00
D1,0,0,0,0,0,0,2015.07.29 00:00
D1,0,0,0,0,0,0,2015.07.28 00:00
D1,0,0,0,0,0,0,2015.07.27 00:00
D1,0,0,0,0,0,0,2015.07.24 00:00
D1,0,0,0,0,0,0,2015.07.23 00:00
D1,0,0,0,0,0,0,2015.07.22 00:00
D1,0,0,0,0,0,0,2015.07.21 00:00
D1,0,0,0,0,0,0,2015.07.20 00:00
D1,0,0,0,0,0,0,2015.07.17 00:00
D1,0,0,0,0,0,0,2015.07.16 00:00
D1,0,0,0,0,0,0,2015.07.15 00:00
D1,0,0,0,0,0,0,2015.07.14 00:00
D1,0,0,0,0,0,0,2015.07.13 00:00
D1,0,0,0,0,0,0,2015.07.10 00:00
D1,0,0,0,0,0,0,2015.07.09 00:00
D1,0,0,0,0,0,0,2015.07.08 00:00
D1,0,0,0,0,0,0,2015.07.07 00:00
D1,0,0,0,0,0,0,2015.07.06 00:00
D1,0,0,0,0,0,0,2015.07.03 00:00
D1,0,0,0,0,0,0,2015.07.02 00:00
D1,0,0,0,0.0131,0,0,2015.07.01 00:00
D1,0,0,0,0,0,0,2015.06.30 00:00
D1,0,0,0,0,0,0,2015.06.29 00:00
D1,0,0,0,0,0,0,2015.06.26 00:00
D1,0,0,0,0,0,0,2015.06.25 00:00
D1,0,0,0,0,0,0,2015.06.24 00:00
D1,0,0,0,0,0,0,2015.06.23 00:00
D1,0,0,0,0,0,0,2015.06.22 00:00
D1,0,0,0,0,0,0,2015.06.19 00:00
D1,0,0,0,0,0,0,2015.06.18 00:00
D1,0,0,0,0,0,0,2015.06.17 00:00
D1,0,0,0,0,0,0,2015.06.16 00:00
D1,0,0,0,0,0,0,2015.06.15 00:00
D1,0,0,0,0,0,0,2015.06.12 00:00
D1,0,0,0,0,0,0,2015.06.11 00:00
D1,0,0,0,0,0,0,2015.06.10 00:00
D1,0,0,0,0,0,0,2015.06.09 00:00
D1,0,0,0,0,0,0,2015.06.08 00:00
D1,0,0,0,0,0,0,2015.06.05 00:00
D1,0,0,0,0,0,0,2015.06.04 00:00
D1,0,0,0,0,0,0,2015.06.03 00:00
D1,0,0,0,0,0,0,2015.06.02 00:00
D1,0,0,0,0,0,0,2015.06.01 00:00
D1,0,0,0,0,0,0,2015.05.29 00:00
D1,0,0,0,0,0,0,2015.05.28 00:00
W1,1.1148,0,0,0,0,0,2015.10.11 00:00
W1,1.1148,0,0,0,0,0,2015.10.04 00:00
W1,1.1097,0,0,0,0,0,2015.09.27 00:00
W1,1.1091,0,0,0,0,0,2015.09.20 00:00
W1,1.1091,0,0,0,0,0,2015.09.13 00:00
W1,1.1020,0,-0.0291,0,0,0,2015.09.06 00:00
W1,0,0,0,0,0,0,2015.08.30 00:00
W1,0,0,0,0,0,0,2015.08.23 00:00
W1,0,0,0,0,0,0,2015.08.16 00:00
W1,0,0,0,0,0,0,2015.08.09 00:00
W1,0,0,0,0,0,0,2015.08.02 00:00
W1,0,0,0,0,0,0,2015.07.26 00:00
W1,0,0,0,0,0,0,2015.07.19 00:00
W1,0,0,0,0,0,0,2015.07.12 00:00
W1,0,0,0,0,0,0,2015.07.05 00:00
W1,0,0,0,0,0,0,2015.06.28 00:00
W1,0,0,0,0,0,0,2015.06.21 00:00
W1,0,0,0,0,0,0,2015.06.14 00:00
W1,0,0,0,0,0,0,2015.06.07 00:00
W1,0,0,0,0,0,0,2015.05.31 00:00
W1,0,0,0,0,0,0,2015.05.24 00:00
W1,0,0,0,0,0,0,2015.05.17 00:00
W1,0,0,0,0,0,0,2015.05.10 00:00
W1,0,0,0,0,0,0,2015.05.03 00:00
W1,0,0,0,0,0,0,2015.04.26 00:00
W1,0,0,0,0,0,0,2015.04.19 00:00
W1,0,0,0,0,0,0,2015.04.12 00:00
W1,0,0,0,0,0,0,2015.04.05 00:00
W1,0,0,0,0,0,0,2015.03.29 00:00
W1,0,0,0,0,0,0,2015.03.22 00:00
W1,0,0,0,0,0,0,2015.03.15 00:00
W1,0,0,0,0,0,0,2015.03.08 00:00
W1,0,0,0,0,0,0,2015.03.01 00:00
W1,0,0,0,0,0,0,2015.02.22 00:00
W1,0,0,0,0,0,0,2015.02.15 00:00
W1,0,0,0,0,0,0,2015.02.08 00:00
W1,0,0,0,0,0,0,2015.02.01 00:00
W1,0,0,0,0,0,0,2015.01.25 00:00
W1,0,0,0,0,0,0,2015.01.18 00:00
W1,0,0,0,0,0,0,2015.01.11 00:00
W1,0,0,0,0,0,0,2015.01.04 00:00
W1,0,0,0,0,0,0,2014.12.28 00:00
W1,0,0,0,0,0,0,2014.12.21 00:00
W1,0,0,0,0,0,0,2014.12.14 00:00
W1,0,0,0,0,0,0,2014.12.07 00:00
W1,0,0,0,0,0,0,2014.11.30 00:00
W1,0,0,0,0,0,0,2014.11.23 00:00
W1,0,0,0,0,0,0,2014.11.16 00:00
W1,0,0,0,0,0,0,2014.11.09 00:00
W1,0,0,0,0,0,0,2014.11.02 00:00
W1,0,0,0,0,0,0,2014.10.26 00:00
W1,0,0,0,0,0,0,2014.10.19 00:00
W1,0,0,0,0,0,0,2014.10.12 00:00
W1,0,0,0,0,0,0,2014.10.05 00:00
W1,0,0,0,0,0,0,2014.09.28 00:00
W1,0,0,0,0,0,0,2014.09.21 00:00
W1,0,0,0,0,0,0,2014.09.14 00:00
W1,0,0,0,0,0,0,2014.09.07 00:00
W1,0,0,0,0,0,0,2014.08.31 00:00
W1,0,0,0,0,0,0,2014.08.24 00:00
W1,0,0,0,0,0,0,2014.08.17 00:00
W1,0,0,0,0,0,0,2014.08.10 00:00
W1,0,0,0,0,0,0,2014.08.03 00:00
W1,0,0,0,0,0,0,2014.07.27 00:00
W1,0,0,0,0,0,0,2014.07.20 00:00
W1,0,0,0,0.0120,0,0,2014.07.13 00:00
W1,0,0,0,0,0,0,2014.07.06 00:00
W1,0,0,0,0,0,0,2014.06.29 00:00
W1,0,0,0,0,0,0,2014.06.22 00:00
W1,0,0,0,0,0,0,2014.06.15 00:00
W1,0,0,0,0,0,0,2014.06.08 00:00
W1,0,0,0,0,0,0,2014.06.01 00:00
W1,0,0,0,0,0,0,2014.05.25 00:00
W1,0,0,0,0,0,0,2014.05.18 00:00
W1,0,0,0,0,0,0,2014.05.11 00:00
W1,0,0,0,0,0,0,2014.05.04 00:00
W1,0,0,0,0,0,0,2014.04.27 00:00
W1,0,0,0,0,0,0,2014.04.20 00:00
W1,0,0,0,0,0,0,2014.04.13 00:00
W1,0,0,0,0,0,0,2014.04.06 00:00
W1,0,0,0,0,0,0,2014.03.30 00:00
W1,0,0,0,0,0,0,2014.03.23 00:00
W1,0,0,0,0,0,0,2014.03.16 00:00
W1,0,0,0,0,0,0,2014.03.09 00:00
W1,0,0,0,0,0,0,2014.03.02 00:00
W1,0,0,0,0,0,0,2014.02.23 00:00
W1,0,0,0,0,0,0,2014.02.16 00:00
W1,0,0,0,0,0,0,2014.02.09 00:00
W1,0,0,0,0,0,0,2014.02.02 00:00
W1,0,0,0,0,0,0,2014.01.26 00:00
W1,0,0,0,0,0,0,2014.01.19 00:00
W1,0,0,0,0,0,0,2014.01.12 00:00
W1,0,0,0,0,0,0,2014.01.05 00:00
W1,0,0,0,0,0,0,2013.12.29 00:00
W1,0,0,0,0,0,0,2013.12.22 00:00
W1,0,0,0,0,0,0,2013.12.15 00:00
W1,0,0,0,0,0,0,2013.12.08 00:00
W1,0,0,0,0,0,0,2013.12.01 00:00
W1,0,0,0,0,0,0,2013.11.24 00:00
W1,0,0,0,0,0,0,2013.11.17 00:00
MN1,0,1.1288,0,0,0,0,2015.10.01 00:00
MN1,0,1.1288,0,0,0,0,2015.09.01 00:00
MN1,0,1.1316,0,0,0,0,2015.08.01 00:00
MN1,0,1.1348,0,0,0,0,2015.07.01 00:00
MN1,0,1.1415,0,0,0,0,2015.06.01 00:00
MN1,0,1.1496,0,0,0,0,2015.05.01 00:00
MN1,0,1.2194,0,0,0,0,2015.04.01 00:00
MN1,0,1.2803,0,0,0,0,2015.03.01 00:00
MN1,0,1.3036,0,0,0,0,2015.02.01 00:00
MN1,0,1.3165,0,0,0,0,2015.01.01 00:00
MN1,0,1.3240,0,0,0,0,2014.12.01 00:00
MN1,0,1.3586,0,0,0,0,2014.11.01 00:00
MN1,1.3586,1.3586,0,1.3924,0,0,2014.10.01 00:00
MN1,1.3586,0,0,0,0,0,2014.09.01 00:00
MN1,1.3586,0,0,0,0,0,2014.08.01 00:00
MN1,1.3586,0,0,0,0,0,2014.07.01 00:00
MN1,1.3586,0,0,0,0,0,2014.06.01 00:00
MN1,1.3477,0,0,0,0,0,2014.05.01 00:00
MN1,1.3477,0,0,0,0,0,2014.04.01 00:00
MN1,1.3432,0,0,0,0,0,2014.03.01 00:00
MN1,1.3403,0,0,0,0,0,2014.02.01 00:00
MN1,1.3391,0,0,0,0,0,2014.01.01 00:00
MN1,1.3174,0,0,0,0,0,2013.12.01 00:00
MN1,1.3134,0,0,0,0,0,2013.11.01 00:00
MN1,1.2913,0,-0.0472,0,0,0,2013.10.01 00:00
MN1,0,0,0,0,0,0,2013.09.01 00:00
MN1,0,0,0,0,0,0,2013.08.01 00:00
MN1,0,0,0,0,0,0,2013.07.01 00:00
MN1,0,0,0,0,0,0,2013.06.01 00:00
MN1,0,0,0,0,0,0,2013.05.01 00:00
MN1,0,0,0,0,0,0,2013.04.01 00:00
MN1,0,0,0,0,0,0,2013.03.01 00:00
MN1,0,0,0,0,0,0,2013.02.01 00:00
MN1,0,0,0,0,0,0,2013.01.01 00:00
MN1,0,0,0,0,0,0,2012.12.01 00:00
MN1,0,0,0,0,0,0,2012.11.01 00:00
MN1,0,0,0,0,0,0,2012.10.01 00:00
MN1,0,0,0,0,0,0,2012.09.01 00:00
MN1,0,0,0,0,0,0,2012.08.01 00:00
MN1,0,0,0,0,0,0,2012.07.01 00:00
MN1,0,0,0,0,0,0,2012.06.01 00:00
MN1,0,0,0,0,0,0,2012.05.01 00:00
MN1,0,0,0,0,0,0,2012.04.01 00:00
MN1,0,0,0,0,0,0,2012.03.01 00:00
MN1,0,0,0,0,0,0,2012.02.01 00:00
MN1,0,0,0,0,0,0,2012.01.01 00:00
MN1,0,0,0,0,0,0,2011.12.01 00:00
MN1,0,0,0,0,0,0,2011.11.01 00:00
MN1,0,0,0,0,0,0,2011.10.01 00:00
MN1,0,0,0,0,0,0,2011.09.01 00:00
MN1,0,0,0,0,0,0,2011.08.01 00:00
MN1,0,0,0,0,0,0,2011.07.01 00:00
MN1,0,0,0,0,0,0,2011.06.01 00:00
MN1,0,0,0,0,0,0,2011.05.01 00:00
MN1,0,0,0,0,0,0,2011.04.01 00:00
MN1,0,0,0,0,0,0,2011.03.01 00:00
MN1,0,0,0,0,0,0,2011.02.01 00:00
MN1,0,0,0,0,0,0,2011.01.01 00:00
MN1,0,0,0,0,0,0,2010.12.01 00:00
MN1,0,0,0,0,0,0,2010.11.01 00:00
MN1,0,0,0,0,0,0,2010.10.01 00:00
MN1,0,0,0,0,0,0,2010.09.01 00:00
MN1,0,0,0,0,0,0,2010.08.01 00:00
MN1,0,0,0,0,0,0,2010.07.01 00:00
MN1,0,0,0,0,0,0,2010.06.01 00:00
MN1,0,0,0,0,0,0,2010.05.01 00:00
MN1,0,0,0,0,0,0,2010.04.01 00:00
MN1,0,0,0,0,0,0,2010.03.01 00:00
MN1,0,0,0,0,0,0,2010.02.01 00:00
MN1,0,0,0,0,0,0,2010.01.01 00:00
MN1,0,0,0,0,0,0,2009.12.01 00:00
MN1,0,0,0,0,0,0,2009.11.01 00:00
MN1,0,0,0,0,0,0,2009.10.01 00:00
MN1,0,0,0,0,0,0,2009.09.01 00:00
MN1,0,0,0,0,0,0,2009.08.01 00:00
MN1,0,0,0,0,0,0,2009.07.01 00:00
MN1,0,0,0,0,0,0,2009.06.01 00:00
MN1,0,0,0,0,0,0,2009.05.01 00:00
MN1,0,0,0,0,0,0,2009.04.01 00:00
MN1,0,0,0,0,0,0,2009.03.01 00:00
MN1,0,0,0,0.1018,0,0,2009.02.01 00:00
MN1,0,0,0,0,0,0,2009.01.01 00:00
MN1,0,0,0,0,0,0,2008.12.01 00:00
MN1,0,0,0,0,0,0,2008.11.01 00:00
MN1,0,0,0,0,0,0,2008.10.01 00:00
MN1,0,0,0,0,0,0,2008.09.01 00:00
MN1,0,0,0,0,0,0,2008.08.01 00:00
MN1,0,0,0,0,0,0,2008.07.01 00:00
MN1,0,0,0,0,0,0,2008.06.01 00:00
MN1,0,0,0,0,0,0,2008.05.01 00:00
MN1,0,0,0,0,0,0,2008.04.01 00:00
MN1,0,0,0,0,0,0,2008.03.01 00:00
MN1,0,0,0,0,0,0,2008.02.01 00:00
MN1,0,0,0,0,0,0,2008.01.01 00:00
MN1,0,0,0,0,0,0,2007.12.01 00:00
MN1,0,0,0,0,0,0,2007.11.01 00:00
MN1,0,0,0,0,0,0,2007.10.01 00:00
MN1,0,0,0,0,0,0,2007.09.01 00:00
MN1,0,0,0,0,0,0,2007.08.01 00:00
MN1,0,0,0,0,0,0,2007.07.01 00:00

